Model,Accuracy,Precision,Sensitivity,Specificity,TPR,FNR,FPR,TNR,F1 score,"""Pearsonr correlation"":correlation,
            ""P vale"":p_value,Gain"
GA GBDT,0.7685185185185185,0.7884615384615384,0.7454545454545455,0.7924528301886793,0.7454545454545455,0.2545454545454545,0.20754716981132076,0.7924528301886793,0.7663551401869159,0.6634648370497427
