Model,Accuracy,Precision,Sensitivity,Specificity,TPR,FNR,FPR,TNR,F1 score,"""Pearsonr correlation"":correlation,
            ""P vale"":p_value,Gain"
GA RF,0.7962962962962963,0.7894736842105263,0.8181818181818182,0.7735849056603774,0.8181818181818182,0.18181818181818182,0.22641509433962265,0.7735849056603774,0.8035714285714286,0.7663807890222984
