Model,Accuracy,Precision,Sensitivity,Specificity,TPR,FNR,FPR,TNR,F1 score,"""Pearsonr correlation"":correlation,
            ""P vale"":p_value,Gain"
GA CatBoost,0.8240740740740741,0.8,0.8727272727272727,0.7735849056603774,0.8727272727272727,0.12727272727272726,0.22641509433962265,0.7735849056603774,0.8347826086956521,0.742024013722127
