Model,Accuracy,Precision,Sensitivity,Specificity,TPR,FNR,FPR,TNR,F1 score,"""Pearsonr correlation"":correlation,
            ""P vale"":p_value,Gain"
GA Transformer,0.7307692307692307,0.8235294117647058,0.6885245901639344,0.7906976744186046,0.6885245901639344,0.3114754098360656,0.20930232558139536,0.7906976744186046,0.75,0.601982462828822
