Model,Accuracy,Precision,Sensitivity,Specificity,TPR,FNR,FPR,TNR,F1 score,"""Pearsonr correlation"":correlation,
            ""P vale"":p_value,Gain"
GA A-LSTM,0.7115384615384616,0.8163265306122449,0.6557377049180327,0.7906976744186046,0.6557377049180327,0.3442622950819672,0.20930232558139536,0.7906976744186046,0.7272727272727273,0.6504003049942813
