Model,Accuracy,Precision,Sensitivity,Specificity,TPR,FNR,FPR,TNR,F1 score,"""Pearsonr correlation"":correlation,
            ""P vale"":p_value,Gain"
GA KNN,0.7407407407407407,0.7288135593220338,0.7818181818181819,0.6981132075471698,0.7818181818181819,0.21818181818181817,0.3018867924528302,0.6981132075471698,0.7543859649122807,0.5742710120068613
