Model,Accuracy,Precision,Sensitivity,Specificity,TPR,FNR,FPR,TNR,F1 score,"""Pearsonr correlation"":correlation,
            ""P vale"":p_value,Gain"
GA CNN,0.7884615384615384,0.9333333333333333,0.6885245901639344,0.9302325581395349,0.6885245901639344,0.3114754098360656,0.06976744186046512,0.9302325581395349,0.7924528301886793,0.7571483034693103
