Model,Accuracy,Precision,Sensitivity,Specificity,TPR,FNR,FPR,TNR,F1 score,"""Pearsonr correlation"":correlation,
            ""P vale"":p_value,Gain"
GA LGBM,0.8148148148148148,0.8070175438596491,0.8363636363636363,0.7924528301886793,0.8363636363636363,0.16363636363636364,0.20754716981132076,0.7924528301886793,0.8214285714285714,0.7646655231560893
