Model,Accuracy,Precision,Sensitivity,Specificity,TPR,FNR,FPR,TNR,F1 score,"""Pearsonr correlation"":correlation,
            ""P vale"":p_value,Gain"
GA XGB,0.7870370370370371,0.7666666666666667,0.8363636363636363,0.7358490566037735,0.8363636363636363,0.16363636363636364,0.2641509433962264,0.7358490566037735,0.8,0.7557461406518011
