Model,Accuracy,Precision,Sensitivity,Specificity,TPR,FNR,FPR,TNR,F1 score,Pearsonr correlation,P vale,Gain
original LSTM,0.6545454545454545,0.6176470588235294,0.7777777777777778,0.5357142857142857,0.7777777777777778,0.2222222222222222,0.4642857142857143,0.5357142857142857,0.6885245901639344,0.32258067205376656,0.016307040474936148,0.5105820105820105
GA LSTM,0.7307692307692307,0.7894736842105263,0.7377049180327869,0.7209302325581395,0.7377049180327869,0.26229508196721313,0.27906976744186046,0.7209302325581395,0.7627118644067796,0.45381633614347205,1.3095057532473151e-06,0.5116279069767442
