Model,Accuracy,Precision,Sensitivity,Specificity,TPR,FNR,FPR,TNR,F1 score,"""Pearsonr correlation"":correlation,
            ""P vale"":p_value,Gain"
HHO SVM,0.6018518518518519,0.59375,0.6909090909090909,0.5094339622641509,0.6909090909090909,0.3090909090909091,0.49056603773584906,0.5094339622641509,0.6386554621848739,0.34236706689536867
