Model,Accuracy,Precision,Sensitivity,Specificity,TPR,FNR,FPR,TNR,F1 score,"""Pearsonr correlation"":correlation,
            ""P vale"":p_value,Gain"
HHO GBDT,0.7314814814814815,0.7096774193548387,0.8,0.660377358490566,0.8,0.2,0.33962264150943394,0.660377358490566,0.7521367521367521,0.5005145797598627
