Model,Accuracy,Precision,Sensitivity,Specificity,TPR,FNR,FPR,TNR,F1 score,"""Pearsonr correlation"":correlation,
            ""P vale"":p_value,Gain"
HHO A-LSTM,0.7211538461538461,0.7580645161290323,0.7704918032786885,0.6511627906976745,0.7704918032786885,0.22950819672131148,0.3488372093023256,0.6511627906976745,0.7642276422764228,0.5047655356462066
