Model,Accuracy,Precision,Sensitivity,Specificity,TPR,FNR,FPR,TNR,F1 score,"""Pearsonr correlation"":correlation,
            ""P vale"":p_value,Gain"
HHO CatBoost,0.8518518518518519,0.8305084745762712,0.8909090909090909,0.8113207547169812,0.8909090909090909,0.10909090909090909,0.18867924528301888,0.8113207547169812,0.8596491228070176,0.7680960548885076
