Model,Accuracy,Precision,Sensitivity,Specificity,TPR,FNR,FPR,TNR,F1 score,"""Pearsonr correlation"":correlation,
            ""P vale"":p_value,Gain"
HHO Transformer,0.7692307692307693,0.8363636363636363,0.7540983606557377,0.7906976744186046,0.7540983606557377,0.2459016393442623,0.20930232558139536,0.7906976744186046,0.7931034482758621,0.7224552039649257
