Model,Accuracy,Precision,Sensitivity,Specificity,TPR,FNR,FPR,TNR,F1 score,"""Pearsonr correlation"":correlation,
            ""P vale"":p_value,Gain"
HHO CNN,0.8461538461538461,0.8947368421052632,0.8360655737704918,0.8604651162790697,0.8360655737704918,0.16393442622950818,0.13953488372093023,0.8604651162790697,0.864406779661017,0.8558902020587114
