Model,Accuracy,Precision,Sensitivity,Specificity,TPR,FNR,FPR,TNR,F1 score,"""Pearsonr correlation"":correlation,
            ""P vale"":p_value,Gain"
ANOVA Transformer,0.75,0.8181818181818182,0.7377049180327869,0.7674418604651163,0.7377049180327869,0.26229508196721313,0.23255813953488372,0.7674418604651163,0.7758620689655172,0.6843309187952724
