Model,Accuracy,Precision,Sensitivity,Specificity,TPR,FNR,FPR,TNR,F1 score,"""Pearsonr correlation"":correlation,
            ""P vale"":p_value,Gain"
ANOVA CNN,0.875,0.9,0.8852459016393442,0.8604651162790697,0.8852459016393442,0.11475409836065574,0.13953488372093023,0.8604651162790697,0.8925619834710744,0.8928707586732749
