Model,Accuracy,Precision,Sensitivity,Specificity,TPR,FNR,FPR,TNR,F1 score,"""Pearsonr correlation"":correlation,
            ""P vale"":p_value,Gain"
ANOVA A-LSTM,0.75,0.8431372549019608,0.7049180327868853,0.813953488372093,0.7049180327868853,0.29508196721311475,0.18604651162790697,0.813953488372093,0.7678571428571429,0.5615707205489895
