Model,Accuracy,Precision,Sensitivity,Specificity,TPR,FNR,FPR,TNR,F1 score,"""Pearsonr correlation"":correlation,
            ""P vale"":p_value,Gain"
FGOA CatBoost,0.75,0.75,0.7636363636363637,0.7358490566037735,0.7636363636363637,0.23636363636363636,0.2641509433962264,0.7358490566037735,0.7567567567567568,0.6627787307032591
