Model,Accuracy,Precision,Sensitivity,Specificity,TPR,FNR,FPR,TNR,F1 score,"""Pearsonr correlation"":correlation,
            ""P vale"":p_value,Gain"
FGOA LGBM,0.7407407407407407,0.7755102040816326,0.6909090909090909,0.7924528301886793,0.6909090909090909,0.3090909090909091,0.20754716981132076,0.7924528301886793,0.7307692307692307,0.6737564322469984
