Model,Accuracy,Precision,Sensitivity,Specificity,TPR,FNR,FPR,TNR,F1 score,"""Pearsonr correlation"":correlation,
            ""P vale"":p_value,Gain"
FGOA CNN,0.8846153846153846,0.8888888888888888,0.9180327868852459,0.8372093023255814,0.9180327868852459,0.08196721311475409,0.16279069767441862,0.8372093023255814,0.9032258064516129,0.9046892870758674
