Model,Accuracy,Precision,Sensitivity,Specificity,TPR,FNR,FPR,TNR,F1 score,"""Pearsonr correlation"":correlation,
            ""P vale"":p_value,Gain"
FGOA A-LSTM,0.8076923076923077,0.8153846153846154,0.8688524590163934,0.7209302325581395,0.8688524590163934,0.13114754098360656,0.27906976744186046,0.7209302325581395,0.8412698412698413,0.569576820434617
