Model,Accuracy,Precision,Sensitivity,Specificity,TPR,FNR,FPR,TNR,F1 score,"""Pearsonr correlation"":correlation,
            ""P vale"":p_value,Gain"
FGOA RF,0.7685185185185185,0.7586206896551724,0.8,0.7358490566037735,0.8,0.2,0.2641509433962264,0.7358490566037735,0.7787610619469026,0.6929674099485419
