Model,Accuracy,Precision,Sensitivity,Specificity,TPR,FNR,FPR,TNR,F1 score,"""Pearsonr correlation"":correlation,
            ""P vale"":p_value,Gain"
FGOA KNN,0.6944444444444444,0.6896551724137931,0.7272727272727273,0.660377358490566,0.7272727272727273,0.2727272727272727,0.33962264150943394,0.660377358490566,0.7079646017699115,0.5022298456260719
