Model,Accuracy,Precision,Sensitivity,Specificity,TPR,FNR,FPR,TNR,F1 score,"""Pearsonr correlation"":correlation,
            ""P vale"":p_value,Gain"
FGOA GBDT,0.7129629629629629,0.7,0.7636363636363637,0.660377358490566,0.7636363636363637,0.23636363636363636,0.33962264150943394,0.660377358490566,0.7304347826086957,0.481646655231561
