Model,Accuracy,Precision,Sensitivity,Specificity,TPR,FNR,FPR,TNR,F1 score,"""Pearsonr correlation"":correlation,
            ""P vale"":p_value,Gain"
FGOA XGB,0.75,0.7592592592592593,0.7454545454545455,0.7547169811320755,0.7454545454545455,0.2545454545454545,0.24528301886792453,0.7547169811320755,0.7522935779816514,0.6857632933104632
