Model,Accuracy,Precision,Sensitivity,Specificity,TPR,FNR,FPR,TNR,F1 score,"""Pearsonr correlation"":correlation,
            ""P vale"":p_value,Gain"
FGOA SVM,0.75,0.8043478260869565,0.6727272727272727,0.8301886792452831,0.6727272727272727,0.32727272727272727,0.16981132075471697,0.8301886792452831,0.7326732673267327,0.578730703259005
