Model,Accuracy,Precision,Sensitivity,Specificity,TPR,FNR,FPR,TNR,F1 score,"""Pearsonr correlation"":correlation,
            ""P vale"":p_value,Gain"
original SVM,0.41379310344827586,0.4444444444444444,0.5333333333333333,0.2857142857142857,0.5333333333333333,0.4666666666666667,0.7142857142857143,0.2857142857142857,0.48484848484848486,-0.14880952380952372
GA SVM,0.6018518518518519,0.59375,0.6909090909090909,0.5094339622641509,0.6909090909090909,0.3090909090909091,0.49056603773584906,0.5094339622641509,0.6386554621848739,0.3324185248713549
DE SVM,0.6296296296296297,0.6153846153846154,0.7272727272727273,0.5283018867924528,0.7272727272727273,0.2727272727272727,0.4716981132075472,0.5283018867924528,0.6666666666666666,0.2867924528301886
PSO SVM,0.6296296296296297,0.6153846153846154,0.7272727272727273,0.5283018867924528,0.7272727272727273,0.2727272727272727,0.4716981132075472,0.5283018867924528,0.6666666666666666,0.2871355060034304
WOA SVM,0.6296296296296297,0.6153846153846154,0.7272727272727273,0.5283018867924528,0.7272727272727273,0.2727272727272727,0.4716981132075472,0.5283018867924528,0.6666666666666666,0.2871355060034304
HHO SVM,0.6296296296296297,0.6153846153846154,0.7272727272727273,0.5283018867924528,0.7272727272727273,0.2727272727272727,0.4716981132075472,0.5283018867924528,0.6666666666666666,0.2871355060034304
SMA SVM,0.6296296296296297,0.6153846153846154,0.7272727272727273,0.5283018867924528,0.7272727272727273,0.2727272727272727,0.4716981132075472,0.5283018867924528,0.6666666666666666,0.2864493996569466
FGOA SVM,0.5740740740740741,0.5671641791044776,0.6909090909090909,0.4528301886792453,0.6909090909090909,0.3090909090909091,0.5471698113207547,0.4528301886792453,0.6229508196721312,0.17255574614065172
