Model,Accuracy,Precision,Sensitivity,Specificity,TPR,FNR,FPR,TNR,F1 score,"""Pearsonr correlation"":correlation,
            ""P vale"":p_value,Gain"
original Transformer,0.7636363636363637,0.6944444444444444,0.9259259259259259,0.6071428571428571,0.9259259259259259,0.07407407407407407,0.39285714285714285,0.6071428571428571,0.7936507936507936,0.8015873015873016
LASSO Transformer,0.7884615384615384,0.8305084745762712,0.8032786885245902,0.7674418604651163,0.8032786885245902,0.19672131147540983,0.23255813953488372,0.7674418604651163,0.8166666666666667,0.7110179184140297
ANOVA Transformer,0.75,0.8181818181818182,0.7377049180327869,0.7674418604651163,0.7377049180327869,0.26229508196721313,0.23255813953488372,0.7674418604651163,0.7758620689655172,0.6843309187952724
GA Transformer,0.7307692307692307,0.8235294117647058,0.6885245901639344,0.7906976744186046,0.6885245901639344,0.3114754098360656,0.20930232558139536,0.7906976744186046,0.75,0.601982462828822
DE Transformer,0.8076923076923077,0.8360655737704918,0.8360655737704918,0.7674418604651163,0.8360655737704918,0.16393442622950818,0.23255813953488372,0.7674418604651163,0.8360655737704918,0.7277926038886771
PSO Transformer,0.7115384615384616,0.7924528301886793,0.6885245901639344,0.7441860465116279,0.6885245901639344,0.3114754098360656,0.2558139534883721,0.7441860465116279,0.7368421052631579,0.5318337781166604
WOA Transformer,0.8173076923076923,0.8387096774193549,0.8524590163934426,0.7674418604651163,0.8524590163934426,0.14754098360655737,0.23255813953488372,0.7674418604651163,0.8455284552845529,0.7499046892870758
HHO Transformer,0.7692307692307693,0.8363636363636363,0.7540983606557377,0.7906976744186046,0.7540983606557377,0.2459016393442623,0.20930232558139536,0.7906976744186046,0.7931034482758621,0.7224552039649257
SMA Transformer,0.8076923076923077,0.8727272727272727,0.7868852459016393,0.8372093023255814,0.7868852459016393,0.21311475409836064,0.16279069767441862,0.8372093023255814,0.8275862068965517,0.7270301181852841
FGOA Transformer,0.8461538461538461,0.8947368421052632,0.8360655737704918,0.8604651162790697,0.8360655737704918,0.16393442622950818,0.13953488372093023,0.8604651162790697,0.864406779661017,0.8452154022112086
