Model,Accuracy,Precision,Sensitivity,Specificity,TPR,FNR,FPR,TNR,F1 score,"""Pearsonr correlation"":correlation,
            ""P vale"":p_value,Gain"
original A-LSTM,0.6727272727272727,0.6363636363636364,0.7777777777777778,0.5714285714285714,0.7777777777777778,0.2222222222222222,0.42857142857142855,0.5714285714285714,0.7,0.513227513227513
LASSO A-LSTM,0.6923076923076923,0.7457627118644068,0.7213114754098361,0.6511627906976745,0.7213114754098361,0.2786885245901639,0.3488372093023256,0.6511627906976745,0.7333333333333333,0.39916126572626776
ANOVA A-LSTM,0.75,0.8431372549019608,0.7049180327868853,0.813953488372093,0.7049180327868853,0.29508196721311475,0.18604651162790697,0.813953488372093,0.7678571428571429,0.5615707205489895
GA A-LSTM,0.7115384615384616,0.8163265306122449,0.6557377049180327,0.7906976744186046,0.6557377049180327,0.3442622950819672,0.20930232558139536,0.7906976744186046,0.7272727272727273,0.6504003049942813
DE A-LSTM,0.7307692307692307,0.8,0.7213114754098361,0.7441860465116279,0.7213114754098361,0.2786885245901639,0.2558139534883721,0.7441860465116279,0.7586206896551724,0.558902020587114
PSO A-LSTM,0.6826923076923077,0.7692307692307693,0.6557377049180327,0.7209302325581395,0.6557377049180327,0.3442622950819672,0.27906976744186046,0.7209302325581395,0.7079646017699115,0.5009531071292415
WOA A-LSTM,0.7403846153846154,0.8148148148148148,0.7213114754098361,0.7674418604651163,0.7213114754098361,0.2786885245901639,0.23255813953488372,0.7674418604651163,0.7652173913043478,0.5867327487609608
HHO A-LSTM,0.7211538461538461,0.7580645161290323,0.7704918032786885,0.6511627906976745,0.7704918032786885,0.22950819672131148,0.3488372093023256,0.6511627906976745,0.7642276422764228,0.5047655356462066
SMA A-LSTM,0.7211538461538461,0.7857142857142857,0.7213114754098361,0.7209302325581395,0.7213114754098361,0.2786885245901639,0.27906976744186046,0.7209302325581395,0.7521367521367521,0.5520396492565764
FGOA A-LSTM,0.8076923076923077,0.8153846153846154,0.8688524590163934,0.7209302325581395,0.8688524590163934,0.13114754098360656,0.27906976744186046,0.7209302325581395,0.8412698412698413,0.569576820434617
