Model,Accuracy,Precision,Sensitivity,Specificity,TPR,FNR,FPR,TNR,F1 score,"""Pearsonr correlation"":correlation,
            ""P vale"":p_value,Gain"
LASSO CNN,0.8461538461538461,0.9411764705882353,0.7868852459016393,0.9302325581395349,0.7868852459016393,0.21311475409836064,0.06976744186046512,0.9302325581395349,0.8571428571428571,0.839115516584064
