Model,Accuracy,Precision,Sensitivity,Specificity,TPR,FNR,FPR,TNR,F1 score,"""Pearsonr correlation"":correlation,
            ""P vale"":p_value,Gain"
LASSO A-LSTM,0.6923076923076923,0.7457627118644068,0.7213114754098361,0.6511627906976745,0.7213114754098361,0.2786885245901639,0.3488372093023256,0.6511627906976745,0.7333333333333333,0.39916126572626776
