Model,Accuracy,Precision,Sensitivity,Specificity,TPR,FNR,FPR,TNR,F1 score,"""Pearsonr correlation"":correlation,
            ""P vale"":p_value,Gain"
LASSO Transformer,0.7884615384615384,0.8305084745762712,0.8032786885245902,0.7674418604651163,0.8032786885245902,0.19672131147540983,0.23255813953488372,0.7674418604651163,0.8166666666666667,0.7110179184140297
