Model,Accuracy,Precision,Sensitivity,Specificity,TPR,FNR,FPR,TNR,F1 score,"""Pearsonr correlation"":correlation,
            ""P vale"":p_value,Gain"
PSO RF,0.7777777777777778,0.7719298245614035,0.8,0.7547169811320755,0.8,0.2,0.24528301886792453,0.7547169811320755,0.7857142857142857,0.7451114922813036
