Model,Accuracy,Precision,Sensitivity,Specificity,TPR,FNR,FPR,TNR,F1 score,"""Pearsonr correlation"":correlation,
            ""P vale"":p_value,Gain"
PSO A-LSTM,0.6826923076923077,0.7692307692307693,0.6557377049180327,0.7209302325581395,0.6557377049180327,0.3442622950819672,0.27906976744186046,0.7209302325581395,0.7079646017699115,0.5009531071292415
