Model,Accuracy,Precision,Sensitivity,Specificity,TPR,FNR,FPR,TNR,F1 score,Pearsonr correlation,P vale,Gain
PSO LSTM,0.7115384615384616,0.7924528301886793,0.6885245901639344,0.7441860465116279,0.6885245901639344,0.3114754098360656,0.2558139534883721,0.7441860465116279,0.7368421052631579,0.4262591291913036,6.432661360195588e-06,0.459016393442623
