Model,Accuracy,Precision,Sensitivity,Specificity,TPR,FNR,FPR,TNR,F1 score,"""Pearsonr correlation"":correlation,
            ""P vale"":p_value,Gain"
PSO SVM,0.6111111111111112,0.6326530612244898,0.5636363636363636,0.660377358490566,0.5636363636363636,0.43636363636363634,0.33962264150943394,0.660377358490566,0.5961538461538461,0.3080617495711837
