Model,Accuracy,Precision,Sensitivity,Specificity,TPR,FNR,FPR,TNR,F1 score,"""Pearsonr correlation"":correlation,
            ""P vale"":p_value,Gain"
PSO CNN,0.7788461538461539,0.9130434782608695,0.6885245901639344,0.9069767441860465,0.6885245901639344,0.3114754098360656,0.09302325581395349,0.9069767441860465,0.7850467289719626,0.7609607319862752
