Model,Accuracy,Precision,Sensitivity,Specificity,TPR,FNR,FPR,TNR,F1 score,"""Pearsonr correlation"":correlation,
            ""P vale"":p_value,Gain"
SMA A-LSTM,0.7211538461538461,0.7857142857142857,0.7213114754098361,0.7209302325581395,0.7213114754098361,0.2786885245901639,0.27906976744186046,0.7209302325581395,0.7521367521367521,0.5520396492565764
