Model,Accuracy,Precision,Sensitivity,Specificity,TPR,FNR,FPR,TNR,F1 score,"""Pearsonr correlation"":correlation,
            ""P vale"":p_value,Gain"
SMA Transformer,0.8076923076923077,0.8727272727272727,0.7868852459016393,0.8372093023255814,0.7868852459016393,0.21311475409836064,0.16279069767441862,0.8372093023255814,0.8275862068965517,0.7270301181852841
