Model,Accuracy,Precision,Sensitivity,Specificity,TPR,FNR,FPR,TNR,F1 score,"""Pearsonr correlation"":correlation,
            ""P vale"":p_value,Gain"
SMA CatBoost,0.8518518518518519,0.819672131147541,0.9090909090909091,0.7924528301886793,0.9090909090909091,0.09090909090909091,0.20754716981132076,0.7924528301886793,0.8620689655172413,0.7475128644939966
