Model,Accuracy,Precision,Sensitivity,Specificity,TPR,FNR,FPR,TNR,F1 score,"""Pearsonr correlation"":correlation,
            ""P vale"":p_value,Gain"
SMA CNN,0.8653846153846154,0.9272727272727272,0.8360655737704918,0.9069767441860465,0.8360655737704918,0.16393442622950818,0.09302325581395349,0.9069767441860465,0.8793103448275862,0.8398780022874572
