Model,Accuracy,Precision,Sensitivity,Specificity,TPR,FNR,FPR,TNR,F1 score,"""Pearsonr correlation"":correlation,
            ""P vale"":p_value,Gain"
original GBDT,0.7068965517241379,0.7241379310344828,0.7,0.7142857142857143,0.7,0.3,0.2857142857142857,0.7142857142857143,0.711864406779661,0.5095238095238095
GA GBDT,0.7685185185185185,0.7586206896551724,0.8,0.7358490566037735,0.8,0.2,0.2641509433962264,0.7358490566037735,0.7787610619469026,0.6706689536878216
DE GBDT,0.7592592592592593,0.7301587301587301,0.8363636363636363,0.6792452830188679,0.8363636363636363,0.16363636363636364,0.32075471698113206,0.6792452830188679,0.7796610169491526,0.6566037735849055
PSO GBDT,0.7685185185185185,0.7586206896551724,0.8,0.7358490566037735,0.8,0.2,0.2641509433962264,0.7358490566037735,0.7787610619469026,0.6706689536878216
WOA GBDT,0.7592592592592593,0.7164179104477612,0.8727272727272727,0.6415094339622641,0.8727272727272727,0.12727272727272726,0.3584905660377358,0.6415094339622641,0.7868852459016393,0.5934819897084047
HHO GBDT,0.7592592592592593,0.7301587301587301,0.8363636363636363,0.6792452830188679,0.8363636363636363,0.16363636363636364,0.32075471698113206,0.6792452830188679,0.7796610169491526,0.60926243567753
SMA GBDT,0.7685185185185185,0.7205882352941176,0.8909090909090909,0.6415094339622641,0.8909090909090909,0.10909090909090909,0.3584905660377358,0.6415094339622641,0.7967479674796748,0.5962264150943395
