Model,Accuracy,Precision,Sensitivity,Specificity,TPR,FNR,FPR,TNR,F1 score,"""Pearsonr correlation"":correlation,
            ""P vale"":p_value,Gain"
original KNN,0.603448275862069,0.5853658536585366,0.8,0.39285714285714285,0.8,0.2,0.6071428571428571,0.39285714285714285,0.676056338028169,0.49642857142857144
GA KNN,0.7407407407407407,0.7288135593220338,0.7818181818181819,0.6981132075471698,0.7818181818181819,0.21818181818181817,0.3018867924528302,0.6981132075471698,0.7543859649122807,0.5742710120068613
DE KNN,0.6388888888888888,0.6212121212121212,0.7454545454545455,0.5283018867924528,0.7454545454545455,0.2545454545454545,0.4716981132075472,0.5283018867924528,0.6776859504132231,0.4651801029159519
PSO KNN,0.7407407407407407,0.7288135593220338,0.7818181818181819,0.6981132075471698,0.7818181818181819,0.21818181818181817,0.3018867924528302,0.6981132075471698,0.7543859649122807,0.5742710120068613
WOA KNN,0.6481481481481481,0.6231884057971014,0.7818181818181819,0.5094339622641509,0.7818181818181819,0.21818181818181817,0.49056603773584906,0.5094339622641509,0.6935483870967742,0.483704974271012
HHO KNN,0.6481481481481481,0.6231884057971014,0.7818181818181819,0.5094339622641509,0.7818181818181819,0.21818181818181817,0.49056603773584906,0.5094339622641509,0.6935483870967742,0.47684391080617505
SMA KNN,0.6481481481481481,0.6231884057971014,0.7818181818181819,0.5094339622641509,0.7818181818181819,0.21818181818181817,0.49056603773584906,0.5094339622641509,0.6935483870967742,0.483704974271012
