Model,Accuracy,Precision,Sensitivity,Specificity,TPR,FNR,FPR,TNR,F1 score,"""Pearsonr correlation"":correlation,
            ""P vale"":p_value,Gain"
original SVM,0.41379310344827586,0.4444444444444444,0.5333333333333333,0.2857142857142857,0.5333333333333333,0.4666666666666667,0.7142857142857143,0.2857142857142857,0.48484848484848486,-0.14642857142857135
GA SVM,0.6111111111111112,0.6326530612244898,0.5636363636363636,0.660377358490566,0.5636363636363636,0.43636363636363634,0.33962264150943394,0.660377358490566,0.5961538461538461,0.3080617495711837
DE SVM,0.5833333333333334,0.5862068965517241,0.6181818181818182,0.5471698113207547,0.6181818181818182,0.38181818181818183,0.4528301886792453,0.5471698113207547,0.6017699115044248,0.3214408233276158
PSO SVM,0.6111111111111112,0.6326530612244898,0.5636363636363636,0.660377358490566,0.5636363636363636,0.43636363636363634,0.33962264150943394,0.660377358490566,0.5961538461538461,0.3080617495711837
WOA SVM,0.6018518518518519,0.59375,0.6909090909090909,0.5094339622641509,0.6909090909090909,0.3090909090909091,0.49056603773584906,0.5094339622641509,0.6386554621848739,0.34236706689536867
HHO SVM,0.6018518518518519,0.59375,0.6909090909090909,0.5094339622641509,0.6909090909090909,0.3090909090909091,0.49056603773584906,0.5094339622641509,0.6386554621848739,0.3413379073756433
SMA SVM,0.6018518518518519,0.59375,0.6909090909090909,0.5094339622641509,0.6909090909090909,0.3090909090909091,0.49056603773584906,0.5094339622641509,0.6386554621848739,0.3420240137221269
