Model,Accuracy,Precision,Sensitivity,Specificity,TPR,FNR,FPR,TNR,F1 score,"""Pearsonr correlation"":correlation,
            ""P vale"":p_value,Gain"
original LGBM,0.6551724137931034,0.65625,0.7,0.6071428571428571,0.7,0.3,0.39285714285714285,0.6071428571428571,0.6774193548387096,0.5392857142857144
GA LGBM,0.8148148148148148,0.7966101694915254,0.8545454545454545,0.7735849056603774,0.8545454545454545,0.14545454545454545,0.22641509433962265,0.7735849056603774,0.8245614035087719,0.7670668953687823
DE LGBM,0.8148148148148148,0.7692307692307693,0.9090909090909091,0.7169811320754716,0.9090909090909091,0.09090909090909091,0.2830188679245283,0.7169811320754716,0.8333333333333334,0.8195540308747855
PSO LGBM,0.8148148148148148,0.7966101694915254,0.8545454545454545,0.7735849056603774,0.8545454545454545,0.14545454545454545,0.22641509433962265,0.7735849056603774,0.8245614035087719,0.7670668953687823
WOA LGBM,0.8055555555555556,0.7833333333333333,0.8545454545454545,0.7547169811320755,0.8545454545454545,0.14545454545454545,0.24528301886792453,0.7547169811320755,0.8173913043478261,0.7756432246998282
HHO LGBM,0.8148148148148148,0.7777777777777778,0.8909090909090909,0.7358490566037735,0.8909090909090909,0.10909090909090909,0.2641509433962264,0.7358490566037735,0.8305084745762712,0.7893653516295025
SMA LGBM,0.8055555555555556,0.7833333333333333,0.8545454545454545,0.7547169811320755,0.8545454545454545,0.14545454545454545,0.24528301886792453,0.7547169811320755,0.8173913043478261,0.7756432246998282
