Model,Accuracy,Precision,Sensitivity,Specificity,TPR,FNR,FPR,TNR,F1 score,"""Pearsonr correlation"":correlation,
            ""P vale"":p_value,Gain"
original XGB,0.7068965517241379,0.76,0.6333333333333333,0.7857142857142857,0.6333333333333333,0.36666666666666664,0.21428571428571427,0.7857142857142857,0.6909090909090909,0.5380952380952382
GA XGB,0.7870370370370371,0.7666666666666667,0.8363636363636363,0.7358490566037735,0.8363636363636363,0.16363636363636364,0.2641509433962264,0.7358490566037735,0.8,0.7461406518010292
DE XGB,0.7777777777777778,0.746031746031746,0.8545454545454545,0.6981132075471698,0.8545454545454545,0.14545454545454545,0.3018867924528302,0.6981132075471698,0.7966101694915254,0.8034305317324182
PSO XGB,0.7870370370370371,0.7666666666666667,0.8363636363636363,0.7358490566037735,0.8363636363636363,0.16363636363636364,0.2641509433962264,0.7358490566037735,0.8,0.7461406518010292
WOA XGB,0.8240740740740741,0.8103448275862069,0.8545454545454545,0.7924528301886793,0.8545454545454545,0.14545454545454545,0.20754716981132076,0.7924528301886793,0.831858407079646,0.7862778730703259
HHO XGB,0.7870370370370371,0.7666666666666667,0.8363636363636363,0.7358490566037735,0.8363636363636363,0.16363636363636364,0.2641509433962264,0.7358490566037735,0.8,0.7622641509433963
SMA XGB,0.8240740740740741,0.8103448275862069,0.8545454545454545,0.7924528301886793,0.8545454545454545,0.14545454545454545,0.20754716981132076,0.7924528301886793,0.831858407079646,0.7862778730703259
