Model,Accuracy,Precision,Sensitivity,Specificity,TPR,FNR,FPR,TNR,F1 score,"""Pearsonr correlation"":correlation,
            ""P vale"":p_value,Gain"
original SVM,0.41379310344827586,0.4444444444444444,0.5333333333333333,0.2857142857142857,0.5333333333333333,0.4666666666666667,0.7142857142857143,0.2857142857142857,0.48484848484848486,-0.15357142857142847
