Model,Accuracy,Precision,Sensitivity,Specificity,TPR,FNR,FPR,TNR,F1 score,"""Pearsonr correlation"":correlation,
            ""P vale"":p_value,Gain"
original CNN,0.8363636363636363,0.78125,0.9259259259259259,0.75,0.9259259259259259,0.07407407407407407,0.25,0.75,0.847457627118644,0.7037037037037037
