Model,Accuracy,Precision,Sensitivity,Specificity,TPR,FNR,FPR,TNR,F1 score,"""Pearsonr correlation"":correlation,
            ""P vale"":p_value,Gain"
original Transformer,0.7636363636363637,0.6944444444444444,0.9259259259259259,0.6071428571428571,0.9259259259259259,0.07407407407407407,0.39285714285714285,0.6071428571428571,0.7936507936507936,0.8015873015873016
