Model,Accuracy,Precision,Sensitivity,Specificity,TPR,FNR,FPR,TNR,F1 score,"""Pearsonr correlation"":correlation,
            ""P vale"":p_value,Gain"
original XGB,0.6896551724137931,0.75,0.6,0.7857142857142857,0.6,0.4,0.21428571428571427,0.7857142857142857,0.6666666666666666,0.5392857142857144
