Model,Accuracy,Precision,Sensitivity,Specificity,TPR,FNR,FPR,TNR,F1 score,"""Pearsonr correlation"":correlation,
            ""P vale"":p_value,Gain"
original A-LSTM,0.6727272727272727,0.6363636363636364,0.7777777777777778,0.5714285714285714,0.7777777777777778,0.2222222222222222,0.42857142857142855,0.5714285714285714,0.7,0.513227513227513
