Model,Accuracy,Precision,Sensitivity,Specificity,TPR,FNR,FPR,TNR,F1 score,"""Pearsonr correlation"":correlation,
            ""P vale"":p_value,Gain"
original CatBoost,0.7413793103448276,0.7142857142857143,0.8333333333333334,0.6428571428571429,0.8333333333333334,0.16666666666666666,0.35714285714285715,0.6428571428571429,0.7692307692307693,0.6499999999999999
