Model,Accuracy,Precision,Sensitivity,Specificity,TPR,FNR,FPR,TNR,F1 score,"""Pearsonr correlation"":correlation,
            ""P vale"":p_value,Gain"
original KNN,0.603448275862069,0.5853658536585366,0.8,0.39285714285714285,0.8,0.2,0.6071428571428571,0.39285714285714285,0.676056338028169,0.49642857142857144
