Model,Accuracy,Precision,Sensitivity,Specificity,TPR,FNR,FPR,TNR,F1 score,"""Pearsonr correlation"":correlation,
            ""P vale"":p_value,Gain"
original RF,0.7413793103448276,0.7272727272727273,0.8,0.6785714285714286,0.8,0.2,0.32142857142857145,0.6785714285714286,0.7619047619047619,0.6666666666666667
