Model,Accuracy,Precision,Sensitivity,Specificity,TPR,FNR,FPR,TNR,F1 score,Pearsonr correlation,P vale,Gain
original LSTM,0.6545454545454545,0.6176470588235294,0.7777777777777778,0.5357142857142857,0.7777777777777778,0.2222222222222222,0.4642857142857143,0.5357142857142857,0.6885245901639344,0.32258067205376656,0.016307040474936148,0.5105820105820105
GA LSTM,0.7307692307692307,0.7894736842105263,0.7377049180327869,0.7209302325581395,0.7377049180327869,0.26229508196721313,0.27906976744186046,0.7209302325581395,0.7627118644067796,0.45381633614347205,1.3095057532473151e-06,0.5116279069767442
PSO LSTM,0.7596153846153846,0.8,0.7868852459016393,0.7209302325581395,0.7868852459016393,0.21311475409836064,0.27906976744186046,0.7209302325581395,0.7933884297520661,0.5061778258721994,4.2137902296186866e-08,0.6702249332825008
DE LSTM,0.7211538461538461,0.7666666666666667,0.7540983606557377,0.6744186046511628,0.7540983606557377,0.2459016393442623,0.32558139534883723,0.6744186046511628,0.7603305785123967,0.42713504225251664,6.12824483312207e-06,0.5108654212733514
WOA LSTM,0.6634615384615384,0.7241379310344828,0.6885245901639344,0.627906976744186,0.6885245901639344,0.3114754098360656,0.37209302325581395,0.627906976744186,0.7058823529411765,0.31375166158536705,0.0011815991737976787,0.44757910789172684
