Model,Accuracy,Precision,Sensitivity,Specificity,TPR,FNR,FPR,TNR,F1 score,"""Pearsonr correlation"":correlation,
            ""P vale"":p_value,Gain"
WOA KNN,0.6481481481481481,0.6231884057971014,0.7818181818181819,0.5094339622641509,0.7818181818181819,0.21818181818181817,0.49056603773584906,0.5094339622641509,0.6935483870967742,0.483704974271012
