Model,Accuracy,Precision,Sensitivity,Specificity,TPR,FNR,FPR,TNR,F1 score,"""Pearsonr correlation"":correlation,
            ""P vale"":p_value,Gain"
WOA RF,0.8518518518518519,0.8421052631578947,0.8727272727272727,0.8301886792452831,0.8727272727272727,0.12727272727272726,0.16981132075471697,0.8301886792452831,0.8571428571428571,0.802744425385935
