Model,Accuracy,Precision,Sensitivity,Specificity,TPR,FNR,FPR,TNR,F1 score,"""Pearsonr correlation"":correlation,
            ""P vale"":p_value,Gain"
WOA CatBoost,0.8611111111111112,0.8333333333333334,0.9090909090909091,0.8113207547169812,0.9090909090909091,0.09090909090909091,0.18867924528301888,0.8113207547169812,0.8695652173913043,0.7667238421955405
