Model,Accuracy,Precision,Sensitivity,Specificity,TPR,FNR,FPR,TNR,F1 score,"""Pearsonr correlation"":correlation,
            ""P vale"":p_value,Gain"
WOA XGB,0.7962962962962963,0.7796610169491526,0.8363636363636363,0.7547169811320755,0.8363636363636363,0.16363636363636364,0.24528301886792453,0.7547169811320755,0.8070175438596491,0.771869639794168
