Model,Accuracy,Precision,Sensitivity,Specificity,TPR,FNR,FPR,TNR,F1 score,"""Pearsonr correlation"":correlation,
            ""P vale"":p_value,Gain"
WOA A-LSTM,0.7403846153846154,0.8148148148148148,0.7213114754098361,0.7674418604651163,0.7213114754098361,0.2786885245901639,0.23255813953488372,0.7674418604651163,0.7652173913043478,0.5867327487609608
