Model,Accuracy,Precision,Sensitivity,Specificity,TPR,FNR,FPR,TNR,F1 score,"""Pearsonr correlation"":correlation,
            ""P vale"":p_value,Gain"
WOA CNN,0.7980769230769231,0.8846153846153846,0.7540983606557377,0.8604651162790697,0.7540983606557377,0.2459016393442623,0.13953488372093023,0.8604651162790697,0.8141592920353983,0.7784979031643158
