Model,Accuracy,Precision,Sensitivity,Specificity,TPR,FNR,FPR,TNR,F1 score,"""Pearsonr correlation"":correlation,
            ""P vale"":p_value,Gain"
WOA Transformer,0.8173076923076923,0.8387096774193549,0.8524590163934426,0.7674418604651163,0.8524590163934426,0.14754098360655737,0.23255813953488372,0.7674418604651163,0.8455284552845529,0.7499046892870758
